gender|first_name|origin
f|ANNA|norway
f|ANNA|norway
f|ANNA|norway
f|ANNA|norway
f|ANNA|norway
f|ANNA|norway
f|ANNA|norway
f|ANNA|norway
f|ANNA|norway
f|ANNA|norway
f|ANNA|norway
f|ANNA|norway
f|ANNA|norway
f|ANNA|norway
f|ANNA|norway
f|ANNA|norway
f|ANNA|norway
f|ANNA|norway
f|ANNA|norway
f|ANNA|norway
f|ANNA|norway
f|ANNA|norway
f|ANNA|norway
f|ANNA|norway
f|ANNA|norway
f|ANNA|norway
f|ANNA|norway
f|ANNA|norway
f|ANNA|norway
f|ANNA|norway
f|ANNA|norway
f|ANNA|norway
f|ANNA|norway
f|ANNA|norway
f|ANNA|norway
f|ANNA|norway
f|ANNA|norway
f|ANNA|norway
f|SOLVEIG|norway
f|RUTH|norway
f|SOLVEIG|norway
f|SOLVEIG|norway
f|RUTH|norway
f|SOLVEIG|norway
f|SOLVEIG|norway
f|SOLVEIG|norway
f|SOLVEIG|norway
f|SOLVEIG|norway
f|GERD|norway
f|SOLVEIG|norway
f|BJØRG|norway
f|BJØRG|norway
f|ASTRID*|norway
f|ASTRID*|norway
f|BJØRG|norway
f|BJØRG|norway
f|BJØRG|norway
f|INGER|norway
f|BJØRG|norway
f|BJØRG|norway
f|ANNE|norway
f|ANNE|norway
f|ANNE|norway
f|ANNE|norway
f|ANNE|norway
f|ANNE|norway
f|ANNE|norway
f|ANNE|norway
f|ANNE|norway
f|ANNE|norway
f|ANNE|norway
f|ANNE|norway
f|ANNE|norway
f|ANNE|norway
f|ANNE|norway
f|ANNE|norway
f|ANNE|norway
f|ANNE|norway
f|ANNE|norway
f|ANNE|norway
f|ANNE|norway
f|ANNE|norway
f|ANNE|norway
f|ANNE|norway
f|ANNE|norway
f|ANNE|norway
f|ANNE|norway
f|ANNE|norway
f|ANNE|norway
f|ANNE|norway
f|ANNE|norway
f|ANNE|norway
f|MONICA*|norway
f|ANNE|norway
f|ANNE|norway
f|LINDA|norway
f|ANNE|norway
f|LINDA|norway
f|LINDA|norway
f|ANNE|norway
f|ANNE|norway
f|ANNE|norway
f|ANETTE*|norway
f|SILJE|norway
f|SILJE|norway
f|SILJE|norway
f|SILJE|norway
f|SILJE|norway
f|KRISTINE*|norway
f|CAMILLA*|norway
f|IDA|norway
f|SILJE|norway
f|IDA|norway
f|IDA|norway
f|KAROLINE*|norway
f|IDA|norway
f|IDA|norway
f|INGRID*|norway
f|IDA|norway
f|EMILIE|norway
f|IDA|norway
f|JULIE|norway
f|SARA*|norway
f|EMMA|norway
f|EMMA|norway
f|THEA*|norway
f|THEA*|norway
f|SARA*|norway
f|LINNEA*|norway
f|EMMA|norway
f|EMMA|norway
f|EMMA|norway
f|NORA*|norway
f|SARA*|norway
f|NORA*|norway
f|EMMA|norway
f|NORA*|norway
f|NORA*|norway
f|EMMA|norway
m|OLE|norway
m|OLE|norway
m|OLE|norway
m|OLE|norway
m|OLE|norway
m|OLE|norway
m|OLE|norway
m|OLE|norway
m|OLE|norway
m|OLE|norway
m|OLE|norway
m|OLE|norway
m|JOHAN|norway
m|JOHAN|norway
m|OLE|norway
m|JOHAN|norway
m|OLE|norway
m|OLE|norway
m|OLE|norway
m|OLE|norway
m|OLE|norway
m|JOHAN|norway
m|JOHAN|norway
m|JOHAN|norway
m|JOHAN|norway
m|OLE|norway
m|OLAV|norway
m|OLAV|norway
m|OLAV|norway
m|OLAV|norway
m|OLAV|norway
m|ARNE|norway
m|ARNE|norway
m|ARNE|norway
m|ARNE|norway
m|ARNE|norway
m|ARNE|norway
m|ARNE|norway
m|ARNE|norway
m|ARNE|norway
m|ARNE|norway
m|ARNE|norway
m|ARNE|norway
m|ARNE|norway
m|ARNE|norway
m|ARNE|norway
m|ARNE|norway
m|ARNE|norway
m|ARNE|norway
m|ARNE|norway
m|ARNE|norway
m|ARNE|norway
m|ARNE|norway
m|ARNE|norway
m|ARNE|norway
m|ARNE|norway
m|KJELL|norway
m|KJELL|norway
m|KJELL|norway
m|PER|norway
m|JAN|norway
m|JAN|norway
m|JAN|norway
m|JAN|norway
m|JAN|norway
m|JAN|norway
m|JAN|norway
m|JAN|norway
m|JAN|norway
m|JAN|norway
m|JAN|norway
m|JAN|norway
m|JAN|norway
m|JAN|norway
m|JAN|norway
m|JAN|norway
m|JAN|norway
m|JAN|norway
m|JAN|norway
m|JAN|norway
m|JAN|norway
m|JAN|norway
m|JAN|norway
m|JAN|norway
m|JAN|norway
m|JAN|norway
m|JAN|norway
m|JAN|norway
m|JAN|norway
m|JAN|norway
m|JAN|norway
m|JAN|norway
m|JAN|norway
m|JAN|norway
m|THOMAS*|norway
m|THOMAS*|norway
m|THOMAS*|norway
m|THOMAS*|norway
m|KRISTIAN*|norway
m|THOMAS*|norway
m|KRISTIAN*|norway
m|KRISTIAN*|norway
m|KRISTIAN*|norway
m|KRISTIAN*|norway
m|KRISTIAN*|norway
m|KRISTIAN*|norway
m|KRISTIAN*|norway
m|THOMAS*|norway
m|KRISTIAN*|norway
m|KRISTIAN*|norway
m|KRISTIAN*|norway
m|KRISTIAN*|norway
m|MARTIN|norway
m|MARTIN|norway
m|MARTIN|norway
m|MARTIN|norway
m|KRISTIAN*|norway
m|ANDREAS|norway
m|KRISTIAN*|norway
m|MARKUS*|norway
m|MARKUS*|norway
m|MARKUS*|norway
m|MARKUS*|norway
m|MATHIAS*|norway
m|MATHIAS*|norway
m|MARKUS*|norway
m|JONAS|norway
m|MATHIAS*|norway
m|LUCAS*|norway
m|LUCAS*|norway
m|LUCAS*|norway
m|LUCAS*|norway
m|LUCAS*|norway
m|FILIP*|norway
m|WILLIAM|norway
m|WILLIAM|norway
m|WILLIAM|norway
m|JAKOB*|norway
m|LUCAS*|norway
f|MARIE|norway
f|MARIE|norway
f|MARIE|norway
f|MARIE|norway
f|MARIE|norway
f|MARIE|norway
f|MARIE|norway
f|MARIE|norway
f|MARIE|norway
f|MARIE|norway
f|MARIE|norway
f|MARIE|norway
f|MARIE|norway
f|MARIE|norway
f|MARIE|norway
f|MARIE|norway
f|MARIE|norway
f|MARIE|norway
f|MARIE|norway
f|MARIE|norway
f|MARIE|norway
f|ASTRID*|norway
f|ASTRID*|norway
f|ASTRID*|norway
f|BORGHILD|norway
f|ASTRID*|norway
f|ASTRID*|norway
f|ASTRID*|norway
f|GUDRUN|norway
f|GUDRUN|norway
f|GUDRUN|norway
f|ASTRID*|norway
f|ASTRID*|norway
f|SOLVEIG|norway
f|SOLVEIG|norway
f|SOLVEIG|norway
f|SOLVEIG|norway
f|SOLVEIG|norway
f|ANNA|norway
f|SOLVEIG|norway
f|RUTH|norway
f|GERD|norway
f|SOLVEIG|norway
f|RUTH|norway
f|RUTH|norway
f|GERD|norway
f|GERD|norway
f|GERD|norway
f|SOLVEIG|norway
f|INGER|norway
f|INGER|norway
f|RAGNHILD|norway
f|BJØRG|norway
f|BJØRG|norway
f|ASTRID*|norway
f|ASTRID*|norway
f|GERD|norway
f|BJØRG|norway
f|INGER|norway
f|ANNE|norway
f|BJØRG|norway
f|INGER|norway
f|INGER|norway
f|INGER|norway
f|INGER|norway
f|INGER|norway
f|INGER|norway
f|INGER|norway
f|INGER|norway
f|INGER|norway
f|INGER|norway
f|INGER|norway
f|INGER|norway
f|INGER|norway
f|INGER|norway
f|INGER|norway
f|BENTE|norway
f|INGER|norway
f|BENTE|norway
f|BENTE|norway
f|BENTE|norway
f|BENTE|norway
f|BENTE|norway
f|HILDE|norway
f|HILDE|norway
f|HEIDI|norway
f|NINA|norway
f|HILDE|norway
f|HILDE|norway
f|HEIDI|norway
f|HEGE|norway
f|MONICA*|norway
f|ANNE|norway
f|HEGE|norway
f|LINDA|norway
f|ANNE|norway
f|MONICA*|norway
f|ANNE|norway
f|ANNE|norway
f|CAMILLA*|norway
f|CAMILLA*|norway
f|MARIANNE|norway
f|SILJE|norway
f|KRISTINE*|norway
f|LINN|norway
f|KRISTINE*|norway
f|KATRINE*|norway
f|KRISTINE*|norway
f|IDA|norway
f|IDA|norway
f|KAROLINE*|norway
f|MARTE*|norway
f|CAMILLA*|norway
f|KAROLINE*|norway
f|SILJE|norway
f|KAROLINE*|norway
f|INGRID*|norway
f|IDA|norway
f|SILJE|norway
f|INGRID*|norway
f|EMILIE|norway
f|SARA*|norway
f|IDA|norway
f|THEA*|norway
f|JULIE|norway
f|EMMA|norway
f|SARA*|norway
f|THEA*|norway
f|EMMA|norway
f|SARA*|norway
f|LINNEA*|norway
f|NORA*|norway
f|EMMA|norway
f|EMMA|norway
f|EMMA|norway
f|NORA*|norway
f|EMMA|norway
f|SOFIE*|norway
f|NORA*|norway
m|JOHAN|norway
m|JOHAN|norway
m|JOHAN|norway
m|JOHAN|norway
m|KARL*|norway
m|JOHAN|norway
m|JOHAN|norway
m|JOHAN|norway
m|JOHAN|norway
m|JOHAN|norway
m|JOHAN|norway
m|JOHAN|norway
m|OLE|norway
m|OLE|norway
m|JOHAN|norway
m|OLE|norway
m|JOHAN|norway
m|JOHAN|norway
m|JOHAN|norway
m|JOHAN|norway
m|JOHAN|norway
m|KARL*|norway
m|OLE|norway
m|OLE|norway
m|OLE|norway
m|JOHAN|norway
m|JOHAN|norway
m|JOHAN|norway
m|JOHAN|norway
m|ARNE|norway
m|ARNE|norway
m|OLAV|norway
m|OLAV|norway
m|OLAV|norway
m|OLAV|norway
m|OLAV|norway
m|OLAV|norway
m|OLAV|norway
m|OLAV|norway
m|OLAV|norway
m|HANS|norway
m|OLAV|norway
m|KÅRE|norway
m|ODD|norway
m|ODD|norway
m|ODD|norway
m|ODD|norway
m|ODD|norway
m|ODD|norway
m|ODD|norway
m|ODD|norway
m|KJELL|norway
m|ODD|norway
m|PER|norway
m|PER|norway
m|KJELL|norway
m|ARNE|norway
m|PER|norway
m|ARNE|norway
m|JAN|norway
m|PER|norway
m|KJELL|norway
m|KJELL|norway
m|PER|norway
m|PER|norway
m|PER|norway
m|PER|norway
m|PER|norway
m|PER|norway
m|PER|norway
m|PER|norway
m|PER|norway
m|BJØRN|norway
m|PER|norway
m|PER|norway
m|PER|norway
m|PER|norway
m|PER|norway
m|PER|norway
m|PER|norway
m|PER|norway
m|PER|norway
m|PER|norway
m|PER|norway
m|PER|norway
m|BJØRN|norway
m|BJØRN|norway
m|BJØRN|norway
m|BJØRN|norway
m|RUNE|norway
m|GEIR|norway
m|GEIR|norway
m|GEIR|norway
m|RUNE|norway
m|JAN|norway
m|LARS|norway
m|LARS|norway
m|LARS|norway
m|THOMAS*|norway
m|KRISTIAN*|norway
m|THOMAS*|norway
m|THOMAS*|norway
m|THOMAS*|norway
m|THOMAS*|norway
m|THOMAS*|norway
m|THOMAS*|norway
m|THOMAS*|norway
m|KRISTIAN*|norway
m|THOMAS*|norway
m|THOMAS*|norway
m|THOMAS*|norway
m|KRISTOFFER*|norway
m|KRISTOFFER*|norway
m|KRISTOFFER*|norway
m|KRISTIAN*|norway
m|ANDREAS|norway
m|MARTIN|norway
m|KRISTIAN*|norway
m|MARKUS*|norway
m|MARTIN|norway
m|KRISTIAN*|norway
m|KRISTIAN*|norway
m|KRISTIAN*|norway
m|TOBIAS|norway
m|MARKUS*|norway
m|KRISTIAN*|norway
m|MATHIAS*|norway
m|ALEXANDER*|norway
m|MATHIAS*|norway
m|ALEXANDER*|norway
m|EMIL|norway
m|EMIL|norway
m|MATHIAS*|norway
m|LUCAS*|norway
m|LUCAS*|norway
m|FILIP*|norway
m|OSKAR*|norway
m|EMIL|norway
m|FILIP*|norway
f|KAREN|norway
f|INGEBORG|norway
f|INGEBORG|norway
f|INGEBORG|norway
f|INGEBORG|norway
f|INGEBORG|norway
f|INGA|norway
f|INGEBORG|norway
f|INGA|norway
f|MARTA*|norway
f|INGEBORG|norway
f|MARTA*|norway
f|OLGA|norway
f|JENNY|norway
f|MARTA*|norway
f|MARTA*|norway
f|MARTA*|norway
f|OLGA|norway
f|ASTRID*|norway
f|INGEBORG|norway
f|ASTRID*|norway
f|MARIE|norway
f|MARIE|norway
f|MARIE|norway
f|ASTRID*|norway
f|BORGHILD|norway
f|MARIE|norway
f|GUDRUN|norway
f|ASTRID*|norway
f|ASTRID*|norway
f|ASTRID*|norway
f|GUDRUN|norway
f|GUDRUN|norway
f|ASTRID*|norway
f|RUTH|norway
f|ASTRID*|norway
f|RUTH|norway
f|RUTH|norway
f|RUTH|norway
f|ANNA|norway
f|ANNA|norway
f|RUTH|norway
f|GERD|norway
f|GERD|norway
f|GERD|norway
f|RUTH|norway
f|RUTH|norway
f|RUTH|norway
f|INGER|norway
f|BJØRG|norway
f|SOLVEIG|norway
f|SOLVEIG|norway
f|INGER|norway
f|INGER|norway
f|INGER|norway
f|INGER|norway
f|ASTRID*|norway
f|ANNE|norway
f|ANNE|norway
f|INGER|norway
f|INGER|norway
f|BJØRG|norway
f|KARI|norway
f|LIV|norway
f|LIV|norway
f|LIV|norway
f|KARI|norway
f|KARI|norway
f|TORILL*|norway
f|TORILL*|norway
f|MARIT|norway
f|MARIT|norway
f|TORILL*|norway
f|KARI|norway
f|MARIT|norway
f|BENTE|norway
f|INGER|norway
f|BENTE|norway
f|INGER|norway
f|KARI|norway
f|INGER|norway
f|INGER|norway
f|HILDE|norway
f|HEIDI|norway
f|NINA|norway
f|HILDE|norway
f|HILDE|norway
f|NINA|norway
f|HEIDI|norway
f|HILDE|norway
f|HILDE|norway
f|HEGE|norway
f|HEGE|norway
f|MONICA*|norway
f|MONICA*|norway
f|MONICA*|norway
f|LINDA|norway
f|CAMILLA*|norway
f|CAMILLA*|norway
f|LINDA|norway
f|KATRINE*|norway
f|KRISTINE*|norway
f|ANNE|norway
f|ANNE|norway
f|KRISTINE*|norway
f|IDA|norway
f|IDA|norway
f|IDA|norway
f|CAMILLA*|norway
f|SILJE|norway
f|MARTE*|norway
f|KAROLINE*|norway
f|SILJE|norway
f|SILJE|norway
f|IDA|norway
f|MARTE*|norway
f|JULIE|norway
f|KAROLINE*|norway
f|MALIN|norway
f|IDA|norway
f|JULIE|norway
f|IDA|norway
f|THEA*|norway
f|IDA|norway
f|IDA|norway
f|SARA*|norway
f|EMMA|norway
f|EMMA|norway
f|SARA*|norway
f|LINNEA*|norway
f|SARA*|norway
f|SARA*|norway
f|SOFIE*|norway
f|SOFIE*|norway
f|SARA*|norway
f|SARA*|norway
f|SOFIE*|norway
f|EMMA|norway
f|OLIVIA|norway
m|KARL*|norway
m|HANS|norway
m|KARL*|norway
m|KARL*|norway
m|JOHAN|norway
m|HANS|norway
m|KARL*|norway
m|HANS|norway
m|KARL*|norway
m|HANS|norway
m|KARL*|norway
m|KARL*|norway
m|HANS|norway
m|KARL*|norway
m|HANS|norway
m|KARL*|norway
m|HANS|norway
m|HANS|norway
m|KARL*|norway
m|HANS|norway
m|HANS|norway
m|OLE|norway
m|KARL*|norway
m|HANS|norway
m|HANS|norway
m|KARL*|norway
m|KARL*|norway
m|ARNE|norway
m|ARNE|norway
m|JOHAN|norway
m|JOHAN|norway
m|JOHAN|norway
m|HANS|norway
m|EINAR|norway
m|SVERRE|norway
m|JOHAN|norway
m|HANS|norway
m|HANS|norway
m|HANS|norway
m|HANS|norway
m|KÅRE|norway
m|ODD|norway
m|OLAV|norway
m|OLAV|norway
m|KÅRE|norway
m|KÅRE|norway
m|KÅRE|norway
m|KÅRE|norway
m|KJELL|norway
m|KÅRE|norway
m|KJELL|norway
m|ODD|norway
m|KJELL|norway
m|KJELL|norway
m|ODD|norway
m|ODD|norway
m|PER|norway
m|ARNE|norway
m|PER|norway
m|KJELL|norway
m|KJELL|norway
m|PER|norway
m|PER|norway
m|KJELL|norway
m|KJELL|norway
m|BJØRN|norway
m|BJØRN|norway
m|BJØRN|norway
m|BJØRN|norway
m|KJELL|norway
m|BJØRN|norway
m|BJØRN|norway
m|PER|norway
m|BJØRN|norway
m|BJØRN|norway
m|BJØRN|norway
m|BJØRN|norway
m|BJØRN|norway
m|BJØRN|norway
m|BJØRN|norway
m|BJØRN|norway
m|BJØRN|norway
m|BJØRN|norway
m|BJØRN|norway
m|BJØRN|norway
m|PER|norway
m|GEIR|norway
m|GEIR|norway
m|GEIR|norway
m|GEIR|norway
m|RUNE|norway
m|RUNE|norway
m|RUNE|norway
m|THOMAS*|norway
m|MORTEN|norway
m|JAN|norway
m|JAN|norway
m|KRISTIAN*|norway
m|LARS|norway
m|LARS|norway
m|LARS|norway
m|LARS|norway
m|LARS|norway
m|STIAN|norway
m|STIAN|norway
m|STIAN|norway
m|ALEXANDER*|norway
m|STIAN|norway
m|KRISTOFFER*|norway
m|KRISTOFFER*|norway
m|KRISTOFFER*|norway
m|ANDREAS|norway
m|ANDREAS|norway
m|KRISTIAN*|norway
m|KRISTOFFER*|norway
m|KRISTIAN*|norway
m|ANDREAS|norway
m|MARKUS*|norway
m|MARTIN|norway
m|KRISTIAN*|norway
m|MARTIN|norway
m|MARTIN|norway
m|MARTIN|norway
m|JONAS|norway
m|MARTIN|norway
m|MATHIAS*|norway
m|ALEXANDER*|norway
m|LUCAS*|norway
m|EMIL|norway
m|EMIL|norway
m|MATHIAS*|norway
m|MATHIAS*|norway
m|WILLIAM|norway
m|WILLIAM|norway
m|EMIL|norway
m|LUCAS*|norway
m|LUCAS*|norway
m|OSKAR*|norway
m|OLIVER|norway
f|INGEBORG|norway
f|ANNE|norway
f|INGA|norway
f|INGA|norway
f|KAREN|norway
f|INGA|norway
f|INGEBORG|norway
f|INGA|norway
f|KAREN|norway
f|INGEBORG|norway
f|MARTA*|norway
f|INGEBORG|norway
f|MARTA*|norway
f|OLGA|norway
f|INGEBORG|norway
f|JENNY|norway
f|OLGA|norway
f|INGEBORG|norway
f|OLGA|norway
f|ASTRID*|norway
f|MARGIT|norway
f|MARGIT|norway
f|INGEBORG|norway
f|BORGHILD|norway
f|INGEBORG|norway
f|GUDRUN|norway
f|BORGHILD|norway
f|MARIE|norway
f|BORGHILD|norway
f|BORGHILD|norway
f|BORGHILD|norway
f|SOLVEIG|norway
f|SOLVEIG|norway
f|GUDRUN|norway
f|ASTRID*|norway
f|RUTH|norway
f|ASTRID*|norway
f|ASTRID*|norway
f|ASTRID*|norway
f|GERD|norway
f|GERD|norway
f|INGRID*|norway
f|ANNA|norway
f|ANNA|norway
f|ANNA|norway
f|INGER|norway
f|INGER|norway
f|INGER|norway
f|RUTH|norway
f|GERD|norway
f|GERD|norway
f|INGER|norway
f|GERD|norway
f|SOLVEIG|norway
f|GERD|norway
f|GERD|norway
f|INGER|norway
f|GERD|norway
f|GERD|norway
f|KARI|norway
f|KARI|norway
f|KARI|norway
f|BJØRG|norway
f|KARI|norway
f|KARI|norway
f|KARI|norway
f|LIV|norway
f|LIV|norway
f|LIV|norway
f|KARI|norway
f|TORILL*|norway
f|KARI|norway
f|KARI|norway
f|MARIT|norway
f|LIV|norway
f|MARIT|norway
f|GRETHE*|norway
f|TORILL*|norway
f|GRETHE*|norway
f|INGER|norway
f|MARIT|norway
f|KARI|norway
f|KARI|norway
f|ANITA|norway
f|HEIDI|norway
f|BENTE|norway
f|ANITA|norway
f|KRISTIN*|norway
f|MARIANNE|norway
f|NINA|norway
f|MONICA*|norway
f|NINA|norway
f|LINDA|norway
f|LINDA|norway
f|HEGE|norway
f|HEGE|norway
f|LENE|norway
f|MONICA*|norway
f|KATRINE*|norway
f|KATRINE*|norway
f|MARIANNE|norway
f|LINDA|norway
f|KRISTINE*|norway
f|LINN|norway
f|ANNE|norway
f|STINE|norway
f|KRISTINE*|norway
f|KATRINE*|norway
f|SILJE|norway
f|KAROLINE*|norway
f|SILJE|norway
f|IDA|norway
f|MARTE*|norway
f|CAMILLA*|norway
f|MARTE*|norway
f|SILJE|norway
f|KAROLINE*|norway
f|MARTE*|norway
f|MARTE*|norway
f|JULIE|norway
f|THEA*|norway
f|EMILIE|norway
f|JULIE|norway
f|JULIE|norway
f|THEA*|norway
f|IDA|norway
f|JULIE|norway
f|JULIE|norway
f|NORA*|norway
f|NORA*|norway
f|NORA*|norway
f|SOFIE*|norway
f|LINNEA*|norway
f|NORA*|norway
f|SOFIE*|norway
f|SOFIE*|norway
f|SARA*|norway
f|SARA*|norway
f|SARA*|norway
m|HANS|norway
m|KARL*|norway
m|HANS|norway
m|HANS|norway
m|HANS|norway
m|KARL*|norway
m|HANS|norway
m|KARL*|norway
m|HANS|norway
m|KARL*|norway
m|HANS|norway
m|HANS|norway
m|KARL*|norway
m|HANS|norway
m|KARL*|norway
m|HANS|norway
m|KARL*|norway
m|KARL*|norway
m|HANS|norway
m|KARL*|norway
m|KARL*|norway
m|HANS|norway
m|HANS|norway
m|KARL*|norway
m|KARL*|norway
m|OLAV|norway
m|OLE|norway
m|HANS|norway
m|OLE|norway
m|OLE|norway
m|OLE|norway
m|HANS|norway
m|JOHAN|norway
m|JOHAN|norway
m|JOHAN|norway
m|HANS|norway
m|SVERRE|norway
m|EINAR|norway
m|JOHAN|norway
m|OLE|norway
m|OLAV|norway
m|KÅRE|norway
m|ODD|norway
m|KÅRE|norway
m|OLAV|norway
m|OLAV|norway
m|PER|norway
m|PER|norway
m|PER|norway
m|PER|norway
m|PER|norway
m|PER|norway
m|PER|norway
m|ODD|norway
m|KJELL|norway
m|PER|norway
m|JAN|norway
m|JAN|norway
m|JAN|norway
m|ARNE|norway
m|ARNE|norway
m|ARNE|norway
m|BJØRN|norway
m|BJØRN|norway
m|BJØRN|norway
m|KJELL|norway
m|KJELL|norway
m|KJELL|norway
m|KJELL|norway
m|BJØRN|norway
m|SVEIN|norway
m|KJELL|norway
m|KJELL|norway
m|KJELL|norway
m|KJELL|norway
m|KJELL|norway
m|KJELL|norway
m|KJELL|norway
m|KJELL|norway
m|GEIR|norway
m|GEIR|norway
m|GEIR|norway
m|GEIR|norway
m|GEIR|norway
m|GEIR|norway
m|GEIR|norway
m|PER|norway
m|PER|norway
m|PER|norway
m|BJØRN|norway
m|BJØRN|norway
m|BJØRN|norway
m|THOMAS*|norway
m|MORTEN|norway
m|FRODE|norway
m|RUNE|norway
m|KRISTIAN*|norway
m|JAN|norway
m|JAN|norway
m|JAN|norway
m|STIAN|norway
m|ANDERS|norway
m|STIAN|norway
m|LARS|norway
m|ANDERS|norway
m|ANDERS|norway
m|STIAN|norway
m|ALEXANDER*|norway
m|STIAN|norway
m|ALEXANDER*|norway
m|ANDREAS|norway
m|THOMAS*|norway
m|KRISTIAN*|norway
m|ANDREAS|norway
m|ANDREAS|norway
m|KRISTOFFER*|norway
m|KRISTOFFER*|norway
m|MARTIN|norway
m|SANDER|norway
m|ANDREAS|norway
m|SANDER|norway
m|ANDREAS|norway
m|MATHIAS*|norway
m|ANDREAS|norway
m|ANDREAS|norway
m|JONAS|norway
m|ELIAS|norway
m|KRISTIAN*|norway
m|MARKUS*|norway
m|MATHIAS*|norway
m|WILLIAM|norway
m|MAGNUS|norway
m|EMIL|norway
m|OSKAR*|norway
m|MARKUS*|norway
m|JAKOB*|norway
m|MATHIAS*|norway
m|LUCAS*|norway
m|OSKAR*|norway
f|INGA|norway
f|KAREN|norway
f|KAREN|norway
f|ANNE|norway
f|INGA|norway
f|ANNE|norway
f|MARTA*|norway
f|KAREN|norway
f|INGEBORG|norway
f|INGA|norway
f|INGA|norway
f|INGA|norway
f|INGEBORG|norway
f|MARTA*|norway
f|OLGA|norway
f|INGEBORG|norway
f|ASTRID*|norway
f|MARGIT|norway
f|INGEBORG|norway
f|BORGHILD|norway
f|INGEBORG|norway
f|INGEBORG|norway
f|BORGHILD|norway
f|INGEBORG|norway
f|MARGIT|norway
f|INGEBORG|norway
f|INGEBORG|norway
f|MARGIT|norway
f|MARGIT|norway
f|MARGIT|norway
f|SOLVEIG|norway
f|BORGHILD|norway
f|MARGIT|norway
f|BORGHILD|norway
f|GUDRUN|norway
f|GUDRUN|norway
f|GUDRUN|norway
f|INGRID*|norway
f|GERD|norway
f|INGRID*|norway
f|INGRID*|norway
f|ANNA|norway
f|INGRID*|norway
f|INGRID*|norway
f|INGRID*|norway
f|INGRID*|norway
f|ASTRID*|norway
f|ASTRID*|norway
f|BJØRG|norway
f|RUTH|norway
f|RAGNHILD|norway
f|GERD|norway
f|SOLVEIG|norway
f|GERD|norway
f|KARI|norway
f|ANNE|norway
f|ANNE|norway
f|ASTRID*|norway
f|KARI|norway
f|GERD|norway
f|LIV|norway
f|GERD|norway
f|LIV|norway
f|BJØRG|norway
f|BJØRG|norway
f|MARIT|norway
f|MARIT|norway
f|TORILL*|norway
f|MARIT|norway
f|MARIT|norway
f|LIV|norway
f|TORILL*|norway
f|MARIT|norway
f|LIV|norway
f|KARI|norway
f|KARI|norway
f|KARI|norway
f|GRETHE*|norway
f|KARI|norway
f|GRETHE*|norway
f|KARI|norway
f|MARIT|norway
f|MARIT|norway
f|NINA|norway
f|BENTE|norway
f|NINA|norway
f|MARIANNE|norway
f|MARIANNE|norway
f|NINA|norway
f|MONICA*|norway
f|ANITA|norway
f|HILDE|norway
f|NINA|norway
f|NINA|norway
f|ELIN|norway
f|ELIN|norway
f|CAMILLA*|norway
f|KRISTIN*|norway
f|MARIANNE|norway
f|ELISABETH*|norway
f|LINDA|norway
f|CAMILLA*|norway
f|MARIANNE|norway
f|KATRINE*|norway
f|ANETTE*|norway
f|ANETTE*|norway
f|STINE|norway
f|CAMILLA*|norway
f|KATRINE*|norway
f|KRISTINE*|norway
f|CAMILLA*|norway
f|KRISTINE*|norway
f|KAROLINE*|norway
f|KRISTINE*|norway
f|CAMILLA*|norway
f|KRISTINE*|norway
f|MARTE*|norway
f|JULIE|norway
f|KAROLINE*|norway
f|MALIN|norway
f|SARA*|norway
f|THEA*|norway
f|NORA*|norway
f|SARA*|norway
f|NORA*|norway
f|JULIE|norway
f|NORA*|norway
f|NORA*|norway
f|THEA*|norway
f|SOFIE*|norway
f|SOFIE*|norway
f|MAJA*|norway
f|INGRID*|norway
f|MAJA*|norway
f|EMILIE|norway
f|SOFIA*|norway
f|SOFIA*|norway
f|OLIVIA|norway
f|EMILIE|norway
m|KRISTIAN*|norway
m|KRISTIAN*|norway
m|KRISTIAN*|norway
m|KRISTIAN*|norway
m|KRISTIAN*|norway
m|KRISTIAN*|norway
m|KRISTIAN*|norway
m|KRISTIAN*|norway
m|NILS*|norway
m|OLAF|norway
m|KRISTIAN*|norway
m|KRISTIAN*|norway
m|KRISTIAN*|norway
m|KRISTIAN*|norway
m|KRISTIAN*|norway
m|OLAF|norway
m|KRISTIAN*|norway
m|EINAR|norway
m|EINAR|norway
m|EINAR|norway
m|KRISTIAN*|norway
m|EINAR|norway
m|EINAR|norway
m|EINAR|norway
m|EINAR|norway
m|HANS|norway
m|ARNE|norway
m|EINAR|norway
m|EINAR|norway
m|HANS|norway
m|EINAR|norway
m|EINAR|norway
m|SVERRE|norway
m|SVERRE|norway
m|EINAR|norway
m|SVERRE|norway
m|JOHAN|norway
m|JOHAN|norway
m|OLE|norway
m|KÅRE|norway
m|ROLF|norway
m|HANS|norway
m|HANS|norway
m|HANS|norway
m|ROLF|norway
m|PER|norway
m|GUNNAR|norway
m|OLAV|norway
m|KÅRE|norway
m|KJELL|norway
m|KÅRE|norway
m|KÅRE|norway
m|KÅRE|norway
m|KÅRE|norway
m|KÅRE|norway
m|BJØRN|norway
m|ODD|norway
m|BJØRN|norway
m|BJØRN|norway
m|BJØRN|norway
m|BJØRN|norway
m|BJØRN|norway
m|ARNE|norway
m|ARNE|norway
m|ARNE|norway
m|SVEIN|norway
m|ARNE|norway
m|SVEIN|norway
m|SVEIN|norway
m|SVEIN|norway
m|KJELL|norway
m|SVEIN|norway
m|SVEIN|norway
m|SVEIN|norway
m|SVEIN|norway
m|SVEIN|norway
m|SVEIN|norway
m|GEIR|norway
m|GEIR|norway
m|KJELL|norway
m|TOR*|norway
m|TOR*|norway
m|SVEIN|norway
m|RUNE|norway
m|RUNE|norway
m|TERJE|norway
m|RUNE|norway
m|RUNE|norway
m|RUNE|norway
m|PER|norway
m|LARS|norway
m|LARS|norway
m|BJØRN|norway
m|GEIR|norway
m|LARS|norway
m|FRODE|norway
m|RUNE|norway
m|STIAN|norway
m|STIAN|norway
m|ANDERS|norway
m|JAN|norway
m|STIAN|norway
m|ANDERS|norway
m|ANDERS|norway
m|LARS|norway
m|ALEXANDER*|norway
m|KRISTOFFER*|norway
m|KRISTOFFER*|norway
m|ANDREAS|norway
m|ANDREAS|norway
m|ALEXANDER*|norway
m|MARTIN|norway
m|THOMAS*|norway
m|THOMAS*|norway
m|THOMAS*|norway
m|JOAKIM*|norway
m|DANIEL|norway
m|KRISTOFFER*|norway
m|ANDREAS|norway
m|SANDER|norway
m|KRISTOFFER*|norway
m|SANDER|norway
m|ANDREAS|norway
m|KRISTIAN*|norway
m|JONAS|norway
m|TOBIAS|norway
m|KRISTIAN*|norway
m|JONAS|norway
m|OLIVER|norway
m|MAGNUS|norway
m|MARKUS*|norway
m|NOAH*|norway
m|ALEXANDER*|norway
m|OLIVER|norway
m|MATHIAS*|norway
m|OLIVER|norway
m|OLIVER|norway
m|OLIVER|norway
m|EMIL|norway
f|ANNE|norway
f|INGA|norway
f|MARTA*|norway
f|KAREN|norway
f|MARTA*|norway
f|MARTA*|norway
f|KAREN|norway
f|MARTA*|norway
f|MARTA*|norway
f|KAREN|norway
f|KAREN|norway
f|KAREN|norway
f|INGA|norway
f|INGEBORG|norway
f|INGA|norway
f|MARGIT|norway
f|JENNY|norway
f|MARTA*|norway
f|BORGHILD|norway
f|MARGIT|norway
f|BORGHILD|norway
f|BORGHILD|norway
f|MARGIT|norway
f|GUDRUN|norway
f|MARIE|norway
f|MARGIT|norway
f|GUDRUN|norway
f|BORGHILD|norway
f|MARIE|norway
f|INGEBORG|norway
f|INGRID*|norway
f|INGEBORG|norway
f|BORGHILD|norway
f|RUTH|norway
f|INGRID*|norway
f|INGRID*|norway
f|INGRID*|norway
f|GERD|norway
f|INGRID*|norway
f|ASTRID*|norway
f|ASTRID*|norway
f|ELSE|norway
f|ASTRID*|norway
f|ASTRID*|norway
f|INGER|norway
f|ANNA|norway
f|INGRID*|norway
f|INGRID*|norway
f|ELSE|norway
f|ELSE|norway
f|ASTRID*|norway
f|ELSE|norway
f|RAGNHILD|norway
f|ANNE|norway
f|ANNE|norway
f|LIV|norway
f|KARI|norway
f|KARI|norway
f|BERIT|norway
f|LIV|norway
f|GERD|norway
f|LIV|norway
f|MARIT|norway
f|BERIT|norway
f|BERIT|norway
f|BJØRG|norway
f|BJØRG|norway
f|MARIT|norway
f|KARI|norway
f|LIV|norway
f|KARI|norway
f|LIV|norway
f|LIV|norway
f|TORILL*|norway
f|BENTE|norway
f|LIV|norway
f|TORILL*|norway
f|MARIT|norway
f|TORILL*|norway
f|MARIT|norway
f|HILDE|norway
f|HILDE|norway
f|NINA|norway
f|KARI|norway
f|KRISTIN*|norway
f|ANITA|norway
f|BENTE|norway
f|ANITA|norway
f|ANITA|norway
f|TONE|norway
f|NINA|norway
f|ANITA|norway
f|ANITA|norway
f|HILDE|norway
f|MARIANNE|norway
f|KRISTIN*|norway
f|ELISABETH*|norway
f|KATRINE*|norway
f|MONICA*|norway
f|MONICA*|norway
f|ELISABETH*|norway
f|SILJE|norway
f|KATRINE*|norway
f|CAMILLA*|norway
f|CAMILLA*|norway
f|CAMILLA*|norway
f|LINN|norway
f|STINE|norway
f|KAROLINE*|norway
f|MARTE*|norway
f|KRISTINE*|norway
f|CAMILLA*|norway
f|KRISTINE*|norway
f|MARTE*|norway
f|KRISTINE*|norway
f|JULIE|norway
f|CAMILLA*|norway
f|SILJE|norway
f|INGRID*|norway
f|THEA*|norway
f|INGRID*|norway
f|NORA*|norway
f|EMMA|norway
f|NORA*|norway
f|EMILIE|norway
f|HANNA*|norway
f|HANNA*|norway
f|IDA|norway
f|IDA|norway
f|THEA*|norway
f|INGRID*|norway
f|THEA*|norway
f|SARA*|norway
f|INGRID*|norway
f|SOFIA*|norway
f|OLIVIA|norway
f|MAJA*|norway
f|MAJA*|norway
f|LEAH*|norway
m|PEDER|norway
m|NILS*|norway
m|NILS*|norway
m|NILS*|norway
m|NILS*|norway
m|OLAF|norway
m|NILS*|norway
m|OLAF|norway
m|OLAF|norway
m|NILS*|norway
m|NILS*|norway
m|OLAF|norway
m|OLAF|norway
m|OLAF|norway
m|OLAF|norway
m|KRISTIAN*|norway
m|OLAF|norway
m|OLAF|norway
m|OLAF|norway
m|KRISTIAN*|norway
m|EINAR|norway
m|OLAV|norway
m|SVERRE|norway
m|OLAV|norway
m|ERLING|norway
m|EINAR|norway
m|HANS|norway
m|OLE|norway
m|HANS|norway
m|EINAR|norway
m|ERLING|norway
m|HARALD|norway
m|EINAR|norway
m|HANS|norway
m|HANS|norway
m|EINAR|norway
m|OLE|norway
m|OLE|norway
m|KÅRE|norway
m|ODD|norway
m|ODD|norway
m|LEIF|norway
m|GUNNAR|norway
m|KNUT|norway
m|HANS|norway
m|ROLF|norway
m|LEIF|norway
m|LEIF|norway
m|OLAV|norway
m|OLAV|norway
m|OLAV|norway
m|OLAV|norway
m|OLAV|norway
m|BJØRN|norway
m|LEIF|norway
m|JAN|norway
m|BJØRN|norway
m|HARALD|norway
m|ODD|norway
m|ODD|norway
m|ODD|norway
m|ODD|norway
m|HARALD|norway
m|SVEIN|norway
m|SVEIN|norway
m|ARNE|norway
m|SVEIN|norway
m|ARNE|norway
m|ARNE|norway
m|ARNE|norway
m|ARNE|norway
m|TOR*|norway
m|TOR*|norway
m|TOR*|norway
m|TOR*|norway
m|TOR*|norway
m|GEIR|norway
m|SVEIN|norway
m|SVEIN|norway
m|TOR*|norway
m|KJELL|norway
m|RUNE|norway
m|TOR*|norway
m|SVEIN|norway
m|TOR*|norway
m|RUNE|norway
m|TOR*|norway
m|TOR*|norway
m|TROND|norway
m|LARS|norway
m|PER|norway
m|TROND|norway
m|MORTEN|norway
m|LARS|norway
m|RUNE|norway
m|KRISTIAN*|norway
m|FRODE|norway
m|MORTEN|norway
m|MORTEN|norway
m|STIAN|norway
m|ANDERS|norway
m|JAN|norway
m|ØYVIND*|norway
m|JAN|norway
m|ANDREAS|norway
m|LARS|norway
m|LARS|norway
m|ANDREAS|norway
m|ALEXANDER*|norway
m|STIAN|norway
m|STIAN|norway
m|ALEXANDER*|norway
m|DANIEL|norway
m|DANIEL|norway
m|DANIEL|norway
m|THOMAS*|norway
m|MARKUS*|norway
m|THOMAS*|norway
m|KRISTOFFER*|norway
m|KRISTOFFER*|norway
m|MATHIAS*|norway
m|KRISTOFFER*|norway
m|SANDER|norway
m|MARTIN|norway
m|KRISTIAN*|norway
m|ALEXANDER*|norway
m|ANDREAS|norway
m|MARKUS*|norway
m|JONAS|norway
m|OLIVER|norway
m|MAGNUS|norway
m|JONAS|norway
m|JONAS|norway
m|MATHIAS*|norway
m|JAKOB*|norway
m|MATHIAS*|norway
m|FILIP*|norway
m|FILIP*|norway
m|JAKOB*|norway
f|MARTA*|norway
f|MARTA*|norway
f|ANNE|norway
f|MARTA*|norway
f|ANNE|norway
f|KAREN|norway
f|ANNE|norway
f|ANNE|norway
f|OLGA|norway
f|ANNE|norway
f|OLGA|norway
f|OLGA|norway
f|KAREN|norway
f|INGA|norway
f|MARGIT|norway
f|OLGA|norway
f|INGEBORG|norway
f|BORGHILD|norway
f|MARTA*|norway
f|OLGA|norway
f|OLGA|norway
f|MARTA*|norway
f|GUDRUN|norway
f|MARGIT|norway
f|GUDRUN|norway
f|MARIE|norway
f|MARGIT|norway
f|INGEBORG|norway
f|INGEBORG|norway
f|MARIE|norway
f|MARGIT|norway
f|ASLAUG|norway
f|RUTH|norway
f|INGRID*|norway
f|BORGHILD|norway
f|MARGIT|norway
f|MARGIT|norway
f|MARGIT|norway
f|ELSE|norway
f|GUDRUN|norway
f|ELSE|norway
f|ASTRID*|norway
f|INGER|norway
f|INGER|norway
f|ASTRID*|norway
f|ÅSE*|norway
f|ELSE|norway
f|BJØRG|norway
f|INGRID*|norway
f|INGRID*|norway
f|INGRID*|norway
f|ANNE|norway
f|ELSE|norway
f|RAGNHILD|norway
f|SOLVEIG|norway
f|KARI|norway
f|LIV|norway
f|LIV|norway
f|ASTRID*|norway
f|BERIT|norway
f|BERIT|norway
f|BERIT|norway
f|BERIT|norway
f|GERD|norway
f|MARIT|norway
f|GRETHE*|norway
f|TORILL*|norway
f|BJØRG|norway
f|BERIT|norway
f|BERIT|norway
f|BERIT|norway
f|BERIT|norway
f|EVA|norway
f|GRETHE*|norway
f|TORILL*|norway
f|TORILL*|norway
f|MARIT|norway
f|KARI|norway
f|MARIT|norway
f|TOVE|norway
f|TOVE|norway
f|NINA|norway
f|INGER|norway
f|INGER|norway
f|INGER|norway
f|KRISTIN*|norway
f|HEIDI|norway
f|BENTE|norway
f|TONE|norway
f|ANITA|norway
f|HEIDI|norway
f|HEIDI|norway
f|HILDE|norway
f|ANITA|norway
f|HILDE|norway
f|HILDE|norway
f|KATRINE*|norway
f|MARIANNE|norway
f|KRISTIN*|norway
f|LENE|norway
f|LENE|norway
f|KATRINE*|norway
f|LINDA|norway
f|LINDA|norway
f|IDA|norway
f|KATRINE*|norway
f|CAMILLA*|norway
f|LINN|norway
f|STINE|norway
f|STINE|norway
f|STINE|norway
f|MARIA|norway
f|MARIA|norway
f|MARIA|norway
f|JULIE|norway
f|CAMILLA*|norway
f|SILJE|norway
f|KRISTINE*|norway
f|EMILIE|norway
f|KAROLINE*|norway
f|MALIN|norway
f|MARIA|norway
f|INGRID*|norway
f|MARIA|norway
f|MARIA|norway
f|EMILIE|norway
f|IDA|norway
f|EMILIE|norway
f|SOFIE*|norway
f|IDA|norway
f|EMILIE|norway
f|LINNEA*|norway
f|EMILIE|norway
f|SOFIA*|norway
f|MAJA*|norway
f|ELLA|norway
f|OLIVIA|norway
f|ELLA|norway
f|SOFIE*|norway
m|OLAF|norway
m|OLAF|norway
m|ANDERS|norway
m|OLAF|norway
m|ANDERS|norway
m|LARS|norway
m|OLAF|norway
m|PEDER|norway
m|KRISTIAN*|norway
m|PEDER|norway
m|OLAF|norway
m|NILS*|norway
m|NILS*|norway
m|NILS*|norway
m|NILS*|norway
m|NILS*|norway
m|NILS*|norway
m|KRISTIAN*|norway
m|KRISTIAN*|norway
m|OLAV|norway
m|HARALD|norway
m|HARALD|norway
m|KRISTIAN*|norway
m|ERLING|norway
m|HARALD|norway
m|HARALD|norway
m|EINAR|norway
m|KARL*|norway
m|HARALD|norway
m|KARL*|norway
m|HANS|norway
m|OLE|norway
m|OLE|norway
m|HARALD|norway
m|ERLING|norway
m|OLE|norway
m|EINAR|norway
m|SVERRE|norway
m|SVERRE|norway
m|EINAR|norway
m|JOHAN|norway
m|SVERRE|norway
m|PER|norway
m|GUNNAR|norway
m|GUNNAR|norway
m|HANS|norway
m|OLAV|norway
m|KJELL|norway
m|ROLF|norway
m|GUNNAR|norway
m|GUNNAR|norway
m|GUNNAR|norway
m|ROLF|norway
m|OLAV|norway
m|BJØRN|norway
m|GUNNAR|norway
m|KNUT|norway
m|ODD|norway
m|HARALD|norway
m|SVEIN|norway
m|SVEIN|norway
m|HARALD|norway
m|SVEIN|norway
m|HARALD|norway
m|KNUT|norway
m|KNUT|norway
m|KNUT|norway
m|ODD|norway
m|TOR*|norway
m|KNUT|norway
m|TOR*|norway
m|ARNE|norway
m|ARNE|norway
m|TERJE|norway
m|TERJE|norway
m|TERJE|norway
m|TERJE|norway
m|TERJE|norway
m|TOR*|norway
m|SVEIN|norway
m|TERJE|norway
m|KJELL|norway
m|TERJE|norway
m|TOR*|norway
m|LARS|norway
m|TOR*|norway
m|LARS|norway
m|LARS|norway
m|MORTEN|norway
m|MORTEN|norway
m|MORTEN|norway
m|THOMAS*|norway
m|LARS|norway
m|BJØRN|norway
m|BJØRN|norway
m|MORTEN|norway
m|MORTEN|norway
m|BJØRN|norway
m|BJØRN|norway
m|OLE|norway
m|MORTEN|norway
m|OLE|norway
m|MORTEN|norway
m|OLE|norway
m|ESPEN|norway
m|ANDREAS|norway
m|MORTEN|norway
m|MORTEN|norway
m|MARIUS|norway
m|MARIUS|norway
m|DANIEL|norway
m|MARIUS|norway
m|ALEXANDER*|norway
m|ALEXANDER*|norway
m|MARIUS|norway
m|MARIUS|norway
m|HENRIK|norway
m|JONAS|norway
m|DANIEL|norway
m|MATHIAS*|norway
m|ANDREAS|norway
m|MATHIAS*|norway
m|JONAS|norway
m|MARKUS*|norway
m|TOBIAS|norway
m|ADRIAN|norway
m|MARKUS*|norway
m|EMIL|norway
m|MAGNUS|norway
m|MARKUS*|norway
m|JONAS|norway
m|FILIP*|norway
m|OSKAR*|norway
m|JAKOB*|norway
m|OSKAR*|norway
m|AKSEL*|norway
m|AKSEL*|norway
m|NOAH*|norway
m|NOAH*|norway
f|KAROLINE*|norway
f|JOHANNE|norway
f|OLGA|norway
f|JOHANNE|norway
f|HELGA|norway
f|OLGA|norway
f|OLGA|norway
f|OLGA|norway
f|ANNE|norway
f|OLGA|norway
f|ANNE|norway
f|MARGIT|norway
f|JENNY|norway
f|KAREN|norway
f|KAREN|norway
f|BORGHILD|norway
f|INGA|norway
f|ASTRID*|norway
f|JENNY|norway
f|GUDRUN|norway
f|MARTA*|norway
f|GUDRUN|norway
f|MARTA*|norway
f|MARTA*|norway
f|MARTA*|norway
f|OLGA|norway
f|MARTA*|norway
f|SOLVEIG|norway
f|SOLVEIG|norway
f|SOLVEIG|norway
f|INGEBORG|norway
f|MARGIT|norway
f|INGRID*|norway
f|MARGIT|norway
f|MARGIT|norway
f|INGEBORG|norway
f|BORGHILD|norway
f|GUDRUN|norway
f|GUDRUN|norway
f|ELSE|norway
f|INGER|norway
f|INGER|norway
f|ELSE|norway
f|ELSE|norway
f|ÅSE*|norway
f|ELSE|norway
f|ÅSE*|norway
f|ELSE|norway
f|ASTRID*|norway
f|ASTRID*|norway
f|RUTH|norway
f|KARI|norway
f|ANNE|norway
f|KARI|norway
f|RAGNHILD|norway
f|BERIT|norway
f|BERIT|norway
f|BERIT|norway
f|LIV|norway
f|ASTRID*|norway
f|MARIT|norway
f|MARIT|norway
f|GERD|norway
f|TURID|norway
f|ASTRID*|norway
f|BERIT|norway
f|BERIT|norway
f|BERIT|norway
f|GRETHE*|norway
f|GRETHE*|norway
f|GRETHE*|norway
f|GRETHE*|norway
f|GRETHE*|norway
f|BENTE|norway
f|GRETHE*|norway
f|GRETHE*|norway
f|LIV|norway
f|TOVE|norway
f|LIV|norway
f|TORILL*|norway
f|GRETHE*|norway
f|TOVE|norway
f|HEIDI|norway
f|MARIT|norway
f|MARIANNE|norway
f|MARIANNE|norway
f|KRISTIN*|norway
f|HEIDI|norway
f|BENTE|norway
f|MARIANNE|norway
f|MARIANNE|norway
f|MARIANNE|norway
f|HEIDI|norway
f|KRISTIN*|norway
f|NINA|norway
f|MARIANNE|norway
f|MARIANNE|norway
f|ELISABETH*|norway
f|ELISABETH*|norway
f|MARIANNE|norway
f|KRISTIN*|norway
f|MONICA*|norway
f|CAMILLA*|norway
f|MARIANNE|norway
f|KATRINE*|norway
f|LINN|norway
f|ANETTE*|norway
f|MARTE*|norway
f|LINN|norway
f|KATRINE*|norway
f|KATRINE*|norway
f|STINE|norway
f|KATRINE*|norway
f|INGRID*|norway
f|STINE|norway
f|MARIA|norway
f|KRISTINE*|norway
f|MALIN|norway
f|JULIE|norway
f|MARTE*|norway
f|MARIA|norway
f|HANNA*|norway
f|MARIA|norway
f|EMILIE|norway
f|SARA*|norway
f|NORA*|norway
f|INGRID*|norway
f|LINNEA*|norway
f|LEAH*|norway
f|EMILIE|norway
f|MAJA*|norway
f|INGRID*|norway
f|SOFIA*|norway
f|THEA*|norway
f|THEA*|norway
f|EMILIE|norway
f|ELLA|norway
f|EMILIE|norway
f|ELLA|norway
m|NILS*|norway
m|LARS|norway
m|OLAF|norway
m|PEDER|norway
m|PEDER|norway
m|PEDER|norway
m|PEDER|norway
m|LARS|norway
m|PEDER|norway
m|KRISTIAN*|norway
m|PEDER|norway
m|PEDER|norway
m|PEDER|norway
m|PEDER|norway
m|EINAR|norway
m|OLAV|norway
m|EINAR|norway
m|NILS*|norway
m|OLAV|norway
m|OLAF|norway
m|OLAF|norway
m|OLAF|norway
m|OLAV|norway
m|KRISTIAN*|norway
m|OLAV|norway
m|ARNE|norway
m|OLAF|norway
m|SVERRE|norway
m|KARL*|norway
m|SVERRE|norway
m|HARALD|norway
m|SVERRE|norway
m|HARALD|norway
m|OLE|norway
m|HARALD|norway
m|ERLING|norway
m|ERLING|norway
m|ERLING|norway
m|EINAR|norway
m|ROLF|norway
m|OLE|norway
m|OLE|norway
m|ROLF|norway
m|ROLF|norway
m|PER|norway
m|LEIF|norway
m|ROLF|norway
m|ROLF|norway
m|LEIF|norway
m|LEIF|norway
m|ROLF|norway
m|KNUT|norway
m|KNUT|norway
m|LEIF|norway
m|JAN|norway
m|KÅRE|norway
m|KÅRE|norway
m|TOR*|norway
m|KNUT|norway
m|HARALD|norway
m|TOR*|norway
m|TOR*|norway
m|ODD|norway
m|ODD|norway
m|ODD|norway
m|TOR*|norway
m|TOR*|norway
m|KNUT|norway
m|KNUT|norway
m|TOR*|norway
m|KNUT|norway
m|KNUT|norway
m|TERJE|norway
m|ARNE|norway
m|ARNE|norway
m|GEIR|norway
m|KNUT|norway
m|TOR*|norway
m|TERJE|norway
m|TERJE|norway
m|SVEIN|norway
m|SVEIN|norway
m|RUNE|norway
m|TERJE|norway
m|TERJE|norway
m|KJELL|norway
m|OLE|norway
m|MORTEN|norway
m|TOR*|norway
m|TROND|norway
m|TROND|norway
m|MORTEN|norway
m|FRODE|norway
m|FRODE|norway
m|GEIR|norway
m|BJØRN|norway
m|STIAN|norway
m|FRODE|norway
m|ANDERS|norway
m|MORTEN|norway
m|OLE|norway
m|MORTEN|norway
m|ESPEN|norway
m|MORTEN|norway
m|MORTEN|norway
m|KRISTOFFER*|norway
m|ANDREAS|norway
m|LARS|norway
m|DANIEL|norway
m|DANIEL|norway
m|MARTIN|norway
m|DANIEL|norway
m|MARIUS|norway
m|MARIUS|norway
m|JOAKIM*|norway
m|DANIEL|norway
m|JOAKIM*|norway
m|DANIEL|norway
m|ALEXANDER*|norway
m|JONAS|norway
m|JONAS|norway
m|HENRIK|norway
m|KRISTOFFER*|norway
m|SANDER|norway
m|DANIEL|norway
m|ANDREAS|norway
m|SANDER|norway
m|MAGNUS|norway
m|ALEXANDER*|norway
m|JONAS|norway
m|KRISTIAN*|norway
m|WILLIAM|norway
m|MAGNUS|norway
m|ALEXANDER*|norway
m|FILIP*|norway
m|LIAM|norway
m|JAKOB*|norway
m|WILLIAM|norway
m|AKSEL*|norway
f|KRISTINE*|norway
f|KAROLINE*|norway
f|SOFIE*|norway
f|SOFIE*|norway
f|KRISTINE*|norway
f|HELGA|norway
f|HELGA|norway
f|RAGNA|norway
f|HELGA|norway
f|JENNY|norway
f|JENNY|norway
f|JENNY|norway
f|MARGIT|norway
f|BORGHILD|norway
f|JENNY|norway
f|INGA|norway
f|BORGHILD|norway
f|JENNY|norway
f|MARGIT|norway
f|MARTA*|norway
f|JENNY|norway
f|JENNY|norway
f|OLGA|norway
f|JENNY|norway
f|OLGA|norway
f|MARTA*|norway
f|OLGA|norway
f|JENNY|norway
f|INGRID*|norway
f|RUTH|norway
f|MARIE|norway
f|INGRID*|norway
f|INGEBORG|norway
f|INGEBORG|norway
f|ASLAUG|norway
f|MARIE|norway
f|GERD|norway
f|BORGHILD|norway
f|MARGIT|norway
f|MARGIT|norway
f|ASLAUG|norway
f|GUDRUN|norway
f|ÅSE*|norway
f|ÅSE*|norway
f|ELSE|norway
f|ASTRID*|norway
f|BJØRG|norway
f|ÅSE*|norway
f|ÅSE*|norway
f|ÅSE*|norway
f|ELSE|norway
f|INGRID*|norway
f|INGRID*|norway
f|ELSE|norway
f|LIV|norway
f|SOLVEIG|norway
f|SOLVEIG|norway
f|SOLVEIG|norway
f|MARIT|norway
f|MARIT|norway
f|ASTRID*|norway
f|TURID|norway
f|TURID|norway
f|MARIT|norway
f|GRETHE*|norway
f|EVA|norway
f|EVA|norway
f|GRETHE*|norway
f|BJØRG|norway
f|BJØRG|norway
f|BJØRG|norway
f|EVA|norway
f|BERIT|norway
f|EVA|norway
f|EVA|norway
f|WENCHE|norway
f|WENCHE|norway
f|LIV|norway
f|TOVE|norway
f|EVA|norway
f|NINA|norway
f|HEIDI|norway
f|TOVE|norway
f|BENTE|norway
f|MARIT|norway
f|TOVE|norway
f|TONE|norway
f|TONE|norway
f|MONICA*|norway
f|HEGE|norway
f|TONE|norway
f|LINDA|norway
f|KRISTIN*|norway
f|MARIANNE|norway
f|KRISTIN*|norway
f|LINE|norway
f|KRISTIN*|norway
f|HILDE|norway
f|HEIDI|norway
f|HILDE|norway
f|MONICA*|norway
f|ELISABETH*|norway
f|KRISTIN*|norway
f|KRISTIN*|norway
f|LINDA|norway
f|LINDA|norway
f|ANNE|norway
f|ANETTE*|norway
f|MARTE*|norway
f|CHRISTINA*|norway
f|MARIA|norway
f|KATRINE*|norway
f|STINE|norway
f|KATRINE*|norway
f|INGRID*|norway
f|INGRID*|norway
f|MALIN|norway
f|CAMILLA*|norway
f|VILDE|norway
f|EMMA|norway
f|MARTE*|norway
f|INGRID*|norway
f|EMILIE|norway
f|HANNA*|norway
f|HANNA*|norway
f|MALIN|norway
f|EMILIE|norway
f|INGRID*|norway
f|INGRID*|norway
f|INGRID*|norway
f|THEA*|norway
f|EMILIE|norway
f|LEAH*|norway
f|LINNEA*|norway
f|ANNA|norway
f|LEAH*|norway
f|EMILIE|norway
f|SOFIA*|norway
f|AMALIE|norway
m|MARTIN|norway
m|ANDREAS|norway
m|LARS|norway
m|ANDERS|norway
m|LARS|norway
m|NILS*|norway
m|JOHANNES|norway
m|MARTIN|norway
m|ANDERS|norway
m|LARS|norway
m|LARS|norway
m|JOHANNES|norway
m|SIGURD|norway
m|JOHANNES|norway
m|LARS|norway
m|EINAR|norway
m|PEDER|norway
m|HARALD|norway
m|HARALD|norway
m|NILS*|norway
m|OLAV|norway
m|ERLING|norway
m|ERLING|norway
m|SVERRE|norway
m|SVERRE|norway
m|OLAF|norway
m|HÅKON*|norway
m|HARALD|norway
m|SVERRE|norway
m|HARALD|norway
m|SVERRE|norway
m|KARL*|norway
m|ERLING|norway
m|ERLING|norway
m|OLE|norway
m|KARL*|norway
m|KÅRE|norway
m|LEIF|norway
m|ROLF|norway
m|SVERRE|norway
m|PER|norway
m|EINAR|norway
m|OLE|norway
m|OLE|norway
m|LEIF|norway
m|GUNNAR|norway
m|HANS|norway
m|HANS|norway
m|KNUT|norway
m|ROLF|norway
m|KNUT|norway
m|HANS|norway
m|GUNNAR|norway
m|HANS|norway
m|OLAV|norway
m|HANS|norway
m|TOR*|norway
m|KNUT|norway
m|SVEIN|norway
m|TOR*|norway
m|HARALD|norway
m|SVEIN|norway
m|KNUT|norway
m|TOR*|norway
m|TOR*|norway
m|HARALD|norway
m|ODD|norway
m|TOR*|norway
m|ODD|norway
m|TERJE|norway
m|TERJE|norway
m|TERJE|norway
m|KNUT|norway
m|KNUT|norway
m|KNUT|norway
m|KNUT|norway
m|TOR*|norway
m|KNUT|norway
m|KNUT|norway
m|RUNE|norway
m|KNUT|norway
m|TERJE|norway
m|TROND|norway
m|LARS|norway
m|SVEIN|norway
m|KNUT|norway
m|KNUT|norway
m|TERJE|norway
m|LARS|norway
m|TOR*|norway
m|TERJE|norway
m|PER|norway
m|TOR*|norway
m|TROND|norway
m|KRISTIAN*|norway
m|GEIR|norway
m|BJØRN|norway
m|ANDERS|norway
m|OLE|norway
m|BJØRN|norway
m|ØYVIND*|norway
m|BJØRN|norway
m|OLE|norway
m|ESPEN|norway
m|KRISTOFFER*|norway
m|OLE|norway
m|ANDERS|norway
m|MARTIN|norway
m|ANDERS|norway
m|MARTIN|norway
m|MARIUS|norway
m|JOAKIM*|norway
m|JOAKIM*|norway
m|JOAKIM*|norway
m|OLE|norway
m|ALEXANDER*|norway
m|JONAS|norway
m|ALEXANDER*|norway
m|THOMAS*|norway
m|THOMAS*|norway
m|HENRIK|norway
m|JONAS|norway
m|HENRIK|norway
m|KRISTOFFER*|norway
m|ALEXANDER|norway
m|MAGNUS|norway
m|SEBASTIAN|norway
m|ELIAS|norway
m|KRISTIAN*|norway
m|WILLIAM|norway
m|OLIVER|norway
m|OLIVER|norway
m|MARKUS*|norway
m|MAGNUS|norway
m|MAGNUS|norway
m|OSKAR*|norway
m|NOAH*|norway
m|ELIAS|norway
m|HENRIK|norway
f|JOHANNE|norway
f|HANNA|norway
f|KRISTINE*|norway
f|RAGNA|norway
f|OLGA|norway
f|JOHANNE|norway
f|KRISTINE*|norway
f|JENNY|norway
f|SIGRID|norway
f|MARGIT|norway
f|MARGIT|norway
f|ANNE|norway
f|BORGHILD|norway
f|HELGA|norway
f|BORGHILD|norway
f|KAREN|norway
f|MARGIT|norway
f|GUDRUN|norway
f|GUDRUN|norway
f|JENNY|norway
f|GUDRUN|norway
f|OLGA|norway
f|JENNY|norway
f|OLGA|norway
f|SIGNE|norway
f|JENNY|norway
f|SOLVEIG|norway
f|INGRID*|norway
f|OLGA|norway
f|SIGNE|norway
f|RUTH|norway
f|MARIE|norway
f|MARIE|norway
f|ASLAUG|norway
f|MARIE|norway
f|BORGHILD|norway
f|INGEBORG|norway
f|MARIE|norway
f|MARIE|norway
f|MARY|norway
f|GUDRUN|norway
f|ÅSE*|norway
f|MARY|norway
f|RANDI|norway
f|ASLAUG|norway
f|RANDI|norway
f|ANNA|norway
f|ANNE|norway
f|ANNE|norway
f|ANNA|norway
f|ANNE|norway
f|ASTRID*|norway
f|KARI|norway
f|ÅSE*|norway
f|ÅSE*|norway
f|ELSE|norway
f|ELSE|norway
f|ELSE|norway
f|SOLVEIG|norway
f|TURID|norway
f|TURID|norway
f|ASTRID*|norway
f|ASTRID*|norway
f|GRETHE*|norway
f|EVA|norway
f|ASTRID*|norway
f|GRETHE*|norway
f|GERD|norway
f|RANDI|norway
f|RANDI|norway
f|RANDI|norway
f|RANDI|norway
f|RANDI|norway
f|BERIT|norway
f|BERIT|norway
f|BERIT|norway
f|TOVE|norway
f|WENCHE|norway
f|EVA|norway
f|MARIANNE|norway
f|LIV|norway
f|LIV|norway
f|ANITA|norway
f|TONE|norway
f|ANITA|norway
f|MARIT|norway
f|MONA|norway
f|ANN|norway
f|KRISTIN*|norway
f|KRISTIN*|norway
f|KRISTIN*|norway
f|TONE|norway
f|MARIANNE|norway
f|HEIDI|norway
f|ANITA|norway
f|NINA|norway
f|ELIN|norway
f|HEGE|norway
f|NINA|norway
f|KRISTIN*|norway
f|SILJE|norway
f|KRISTIN*|norway
f|LINN|norway
f|ANETTE*|norway
f|MARIANNE|norway
f|ANNE|norway
f|MARTE*|norway
f|ANNE|norway
f|CHRISTINA*|norway
f|LINN|norway
f|CHRISTINA*|norway
f|INGRID*|norway
f|INGRID*|norway
f|JULIE|norway
f|MARIA|norway
f|HELENE|norway
f|MARIA|norway
f|VILDE|norway
f|EMMA|norway
f|SILJE|norway
f|NORA*|norway
f|MARTE*|norway
f|HANNA*|norway
f|INGRID*|norway
f|INGRID*|norway
f|INGRID*|norway
f|MARIA|norway
f|ANNA|norway
f|JULIE|norway
f|MAJA*|norway
f|IDA|norway
f|JULIE|norway
f|IDA*|norway
f|EMILIE|norway
f|LINNEA*|norway
f|ANNA*|norway
f|INGRID*|norway
f|INGRID*|norway
f|MAJA*|norway
m|LARS|norway
m|PEDER|norway
m|PEDER|norway
m|MARTIN|norway
m|OLAF|norway
m|MARTIN|norway
m|LARS|norway
m|JOHANNES|norway
m|JOHANNES|norway
m|JOHANNES|norway
m|OSKAR*|norway
m|LARS|norway
m|LARS|norway
m|HARALD|norway
m|JOHANNES|norway
m|PEDER|norway
m|JOHANNES|norway
m|PEDER|norway
m|NILS*|norway
m|HARALD|norway
m|SVERRE|norway
m|KRISTIAN*|norway
m|HARALD|norway
m|ARNE|norway
m|KRISTIAN*|norway
m|SVERRE|norway
m|HARALD|norway
m|ERLING|norway
m|ERLING|norway
m|ERLING|norway
m|OLAF|norway
m|ERLING|norway
m|KARL*|norway
m|KARL*|norway
m|KARL*|norway
m|HARALD|norway
m|KARL*|norway
m|KÅRE|norway
m|ODD|norway
m|ERLING|norway
m|EINAR|norway
m|PER|norway
m|KNUT|norway
m|LEIF|norway
m|KNUT|norway
m|JOHN|norway
m|JOHN|norway
m|EINAR|norway
m|JOHN|norway
m|HANS|norway
m|LEIF|norway
m|LEIF|norway
m|JOHN|norway
m|GUNNAR|norway
m|GUNNAR|norway
m|TOR*|norway
m|GUNNAR|norway
m|KÅRE|norway
m|TOR*|norway
m|KNUT|norway
m|KNUT|norway
m|KNUT|norway
m|TOR*|norway
m|KNUT|norway
m|HARALD|norway
m|ODD|norway
m|TERJE|norway
m|TERJE|norway
m|TERJE|norway
m|ODD|norway
m|ODD|norway
m|ODD|norway
m|ODD|norway
m|ODD|norway
m|GEIR|norway
m|ARNE|norway
m|ARNE|norway
m|RUNE|norway
m|MORTEN|norway
m|KNUT|norway
m|RUNE|norway
m|KNUT|norway
m|OLE|norway
m|KNUT|norway
m|TROND|norway
m|LARS|norway
m|TERJE|norway
m|TROND|norway
m|TERJE|norway
m|TERJE|norway
m|TOR*|norway
m|TOR*|norway
m|OLE|norway
m|OLE|norway
m|PER|norway
m|OLE|norway
m|ESPEN|norway
m|RUNE|norway
m|RUNE|norway
m|ESPEN|norway
m|TOR*|norway
m|ESPEN|norway
m|JAN|norway
m|ANDREAS|norway
m|OLE|norway
m|ESPEN|norway
m|MARIUS|norway
m|DANIEL|norway
m|MARTIN|norway
m|ANDERS|norway
m|ANDERS|norway
m|STIAN|norway
m|OLE|norway
m|OLE|norway
m|ALEXANDER*|norway
m|HENRIK|norway
m|MAGNUS|norway
m|MARIUS|norway
m|MAGNUS|norway
m|ALEXANDER*|norway
m|DANIEL|norway
m|MARIUS|norway
m|MAGNUS|norway
m|DANIEL|norway
m|SANDER|norway
m|HENRIK|norway
m|EMIL|norway
m|HENRIK|norway
m|ANDREAS|norway
m|KRISTIAN*|norway
m|ALEXANDER*|norway
m|ALEXANDER*|norway
m|OLIVER|norway
m|ISAK*|norway
m|HENRIK|norway
m|EMIL|norway
m|EMIL|norway
m|HENRIK|norway
m|ELIAS|norway
f||norway
f||norway
f||norway
f||norway
f||norway
f||norway
f||norway
f||norway
f||norway
f||norway
f||norway
f||norway
f||norway
f||norway
f||norway
f||norway
f||norway
f||norway
f||norway
f||norway
f||norway
f||norway
f||norway
f||norway
f||norway
f||norway
f||norway
f||norway
f||norway
f||norway
f||norway
f||norway
f||norway
f||norway
f||norway
f||norway
f||norway
f||norway
f||norway
f||norway
f||norway
f||norway
f||norway
f||norway
f||norway
f||norway
f||norway
f||norway
f||norway
f||norway
f||norway
f||norway
f||norway
f||norway
f||norway
f||norway
f||norway
f||norway
f||norway
f||norway
f||norway
f||norway
f||norway
f||norway
f||norway
f||norway
f||norway
f||norway
f||norway
f||norway
f||norway
f||norway
f||norway
f||norway
f||norway
f||norway
f||norway
f||norway
f||norway
f||norway
f||norway
f||norway
f||norway
f||norway
f||norway
f||norway
f||norway
f||norway
f||norway
f||norway
f||norway
f||norway
f||norway
f||norway
f||norway
f||norway
f||norway
f||norway
f||norway
f||norway
f||norway
f||norway
f||norway
f||norway
f||norway
f||norway
f||norway
f||norway
f||norway
f||norway
f||norway
f||norway
f||norway
f||norway
f||norway
f||norway
f||norway
f||norway
f||norway
f||norway
f||norway
f||norway
f||norway
f||norway
f||norway
f||norway
f||norway
f||norway
f||norway
f||norway
f||norway
f||norway
f||norway
f||norway
f||norway
f||norway
f||norway
f||norway
f||norway
m||norway
m||norway
m||norway
m||norway
m||norway
m||norway
m||norway
m||norway
m||norway
m||norway
m||norway
m||norway
m||norway
m||norway
m||norway
m||norway
m||norway
m||norway
m||norway
m||norway
m||norway
m||norway
m||norway
m||norway
m||norway
m||norway
m||norway
m||norway
m||norway
m||norway
m||norway
m||norway
m||norway
m||norway
m||norway
m||norway
m||norway
m||norway
m||norway
m||norway
m||norway
m||norway
m||norway
m||norway
m||norway
m||norway
m||norway
m||norway
m||norway
m||norway
m||norway
m||norway
m||norway
m||norway
m||norway
m||norway
m||norway
m||norway
m||norway
m||norway
m||norway
m||norway
m||norway
m||norway
m||norway
m||norway
m||norway
m||norway
m||norway
m||norway
m||norway
m||norway
m||norway
m||norway
m||norway
m||norway
m||norway
m||norway
m||norway
m||norway
m||norway
m||norway
m||norway
m||norway
m||norway
m||norway
m||norway
m||norway
m||norway
m||norway
m||norway
m||norway
m||norway
m||norway
m||norway
m||norway
m||norway
m||norway
m||norway
m||norway
m||norway
m||norway
m||norway
m||norway
m||norway
m||norway
m||norway
m||norway
m||norway
m||norway
m||norway
m||norway
m||norway
m||norway
m||norway
m||norway
m||norway
m||norway
m||norway
m||norway
m||norway
m||norway
m||norway
m||norway
m||norway
m||norway
m||norway
m||norway
m||norway
m||norway
m||norway
m||norway
m||norway
m||norway
m||norway
m||norway
m||norway
m||norway
m||norway
